id,value,ticket_type,annee,period,mois,status,coord,date_created,entity_model_id,user_id,commentaire
00fde4de9f334a8bac55648981dc9909,500,TK500,2025,Octobre,Octobre,PAYÉ,10.792435;-8.1885833,2025-10-08 12:15:48.735032,ffe9d4ef90794124ba6f64570842857e,5,
031e59e0ff144990bb5890e29087e18e,500,TK500,2025,Octobre,Octobre,PAYÉ,10.789856666;-8.190818333,2025-10-11 10:34:43.240281,e949c87fd27a47efbf55259365cedd4e,5,
038e08423b0048d99ada4240b2ed0159,500,TK500,2025,Octobre,Octobre,PAYÉ,10.790736666;-8.186783333,2025-10-09 14:40:41.350355,a887a291d5d84abc8049a2d73029771a,5,
0415804792be4f47aaea97a3740a43c1,500,TK500,2025,Octobre,Octobre,PAYÉ,10.793200000;-8.185656666,2025-10-09 11:23:00.936936,eeb7346d6f9e45d1befb8e091c1c0d37,5,
0484f9a80aea41c88566d12059cc4988,500,TK500,2025,Octobre,Octobre,PAYÉ,10.7904983;-8.18298,2025-10-09 15:28:06.674824,2917d349940d4ac7b30e2043cb600bdc,5,
04accbdea5bf4a99b2d18191f1f3c4e2,5000,TK5000,2025,Septembre,Septembre,PAYÉ,10.788012883;-8.191747183,2025-10-06 11:14:10.882691,72fe7b7ed81a472e822684267d90d331,4,
06de23172a3a45c5bb0b37969d57b00c,5000,TK5000,2025,Septembre,Septembre,PAYÉ,10.7865197;-8.1933709,2025-10-01 10:59:09.494307,a7ce6e7309824a54a7574b830bb4a7fd,4,payé sans problème
084faf859afd4c25b9f873c89a802fe1,500,TK500,2025,Octobre,Octobre,PAYÉ,10.792353333;-8.186393333,2025-10-08 14:04:55.824294,123941a9af8f4adeb293e48f288ce3b0,5,
08a752e010e7403da2465d67d3e2527b,500,TK500,2025,Octobre,Octobre,PAYÉ,10.792495;-8.189975,2025-10-08 10:53:54.617773,5ea89a4162ec44ff985a4863bb48c0c9,5,
08ea80bb657140f2b014bd80ec345c3f,5000,TK5000,2025,Septembre,Septembre,PAYÉ,10.787687933;-8.192236933,2025-10-07 10:42:49.200980,b9702964b0294a97b114068863b87caf,4,
092174d6c46f4bbaaa6741293fd72ee2,500,TK500,2025,Octobre,Octobre,PAYÉ,10.790703333;-8.187053333,2025-10-09 14:28:01.973394,51a3ca33aae845ac9355ef14f43cb1c6,5,
0b1d973a7e5e4a358a1685e2285a7a47,500,TK500,2025,Octobre,Octobre,PAYÉ,10.793668333;-8.18472,2025-10-09 11:48:52.692374,8be7613c948e456c9c88eac0d61222f4,5,
0c04886db05b4430823537a1d97b3791,500,TK500,2025,Octobre,Octobre,PAYÉ,10.7942167;-8.1858917,2025-10-09 12:29:39.720550,4ed128e3dc2d42a885f97a5b4aa56ebc,5,
0c15f85936be4b0f8999b783532e5072,500,TK500,2025,Octobre,Octobre,PAYÉ,10.788831666;-8.190555,2025-10-11 10:15:37.447348,5589e5a9d9a647a58f3ffacdfad2c52e,5,
0d1f4cebf9c94b838dce82170bfc59f0,5000,TK5000,2025,Septembre,Septembre,PAYE_MAIRIE,10.787902899;-8.19105105,2025-10-01 12:26:51.681605,d6dcb845602d4a05b246475778647b73,4,déjà payé pour l'année
0f25ba9fb11a46398ca75ce93f4e3291,500,TK500,2025,Octobre,Octobre,PAYÉ,10.792221666;-8.186498333,2025-10-08 13:55:55.034327,d7e16b0551764a5dbb4dac3d93e0a502,5,
0f437044036c48bfb87a7aaaf0adf684,500,TK500,2025,Octobre,Octobre,PAYÉ,10.792231666;-8.185826666,2025-10-08 14:32:57.120455,0e7c066f10d842a8a6a5061a4b833917,5,
0f712ba92b0c4adeaf6e64f19e9d9c82,500,TK500,2025,Octobre,Octobre,AUTRE,10.7926883;-8.1864333,2025-10-09 11:02:39.777257,030cfdec49d2451e96bc9fcb569bf0aa,5,magasin nouvelle
115334064032408981b1982fd81879ac,1000,TK500,2025,Octobre,Octobre,PAYÉ,10.792538333;-8.189966666,2025-10-08 10:57:49.352200,9bd7665174d048fe9bbd38ab8735d015,5,
115b3771ab2345669b5677cfd81e809e,500,TK500,2025,Octobre,Octobre,PAYÉ,10.790766666;-8.180821666,2025-10-09 15:56:58.417304,5653ed5b9b1a443abde248f9f3a2fb45,5,
12b7746b1d56440a93deaeb108b6870e,5000,TK5000,2025,Septembre,Septembre,PAYÉ,10.787345;-8.1923399,2025-10-01 11:55:36.234276,c20920419c6741f484013495a92b1eff,4,avec complication
12dccad14e8241b0838cc356d7346a87,1000,TK500,2025,Octobre,Octobre,PAYÉ,10.790138333;-8.191191666,2025-10-11 10:32:16.871166,9f647227456744e9a72fbcabdca1b095,5,
13302bd95c9b461e963d52c73734bb3b,5000,TK5000,2025,Octobre,Septembre,PAYÉ,10.7970967;-8.188485,2025-10-10 19:17:04.021315,05079d88a8a04fafae57cda98bc0d34a,3,
134efd603a044ad3b600e83d7c405d08,500,TK500,2025,Octobre,Octobre,PAYÉ,10.79505;-8.1855883,2025-10-09 12:07:33.507931,2e9bd0712fd14f3598de65a5b11442e9,5,
1438b6b381fa49019dafe8c558c1daa4,500,TK500,2025,Octobre,Octobre,PAYÉ,10.7949033;-8.185805,2025-10-09 13:06:42.127903,0ef08db3d0a947ffadc27e7e68737590,5,
14edf4a2f7884bb0839813bf8329a15f,500,TK500,2025,Octobre,Octobre,PAYÉ,10.7947883;-8.1872983,2025-10-09 12:56:18.675559,48d95bc259074485855ef33d2bcf5f9c,5,
15082d566e0348bc9acb008f2f78d988,1000,TK500,2025,Octobre,Octobre,AUTRE,10.790761666;-8.189368333,2025-10-09 14:02:58.792927,b6787646903a4da284499ab29ea85751,5,payé pour l'année sans reçu
15e23b9087cf4479a114a6dd158bf1b4,500,TK500,2025,Octobre,Octobre,PAYÉ,10.792325000;-8.186401666,2025-10-08 14:07:14.689777,9ffb0f6f837c408c86d5b4025ef6132a,5,
178dff1d0001486c825995cbad8e1b8b,500,TK500,2025,Octobre,Octobre,PAYÉ,10.790615;-8.1832517,2025-10-09 15:22:01.338257,18584d0d2b604648a634f3964423d521,5,
192acfd799fa4adf823ccf991255f8f0,1000,TK500,2025,Octobre,Octobre,PAYÉ,10.792516666;-8.18991,2025-10-08 11:10:30.162510,aca999225de549648eca37173d84491a,5,
19db85a9ee4943c7a5d585d4e526c89f,500,TK500,2025,Octobre,Octobre,PAYÉ,10.793333333;-8.186276666,2025-10-09 10:29:42.913266,b9cf5975a5764d5b97ea46900849f78d,5,
1aa18e7ce736461ca8da2d944623f647,500,TK500,2025,Octobre,Octobre,PAYÉ,10.790823333;-8.187328333,2025-10-09 14:21:53.269550,7932b487abfc48f0b1f56fd0d63f6e5d,5,
1fcdaecd09574217bc0668653e918d58,500,TK500,2025,Octobre,Octobre,PAYÉ,10.792496666;-8.188796666,2025-10-08 12:06:07.579252,f7ed4cb7000c4018aa7c4ea5ef6f9c7e,5,
215dd05e104f4d298e62091fb53a5fc4,500,TK500,2025,Octobre,Octobre,PAYÉ,10.7929456;-8.1879139,2025-10-09 10:24:15.861898,298702d546fd43a8b0539770a651ad35,5,
21adfed399ee490989d898efa32f23c7,500,TK500,2025,Octobre,Octobre,PAYÉ,10.7921283;-8.1842299,2025-10-08 16:06:33.000634,08588b3c587747988d7b4a0e6bdf0088,5,
228435d7a51e4a7f869b5c00a101ed0d,500,TK500,2025,Octobre,Octobre,PAYÉ,10.792441666;-8.184358333,2025-10-08 16:10:52.802044,bb0c86ff10134937aaccbe3b2dd297d7,5,
2465c3437af044aeaca004ccfe332eb9,500,TK500,2025,Octobre,Octobre,PAYÉ,10.794351666;-8.186548333,2025-10-09 12:35:05.018518,6ce7469c09cc43288a74fb5b1cb3208f,5,
246e8cc2338843d3a93c3402471624bd,500,TK500,2025,Octobre,Octobre,PAYÉ,10.79233;-8.188058333,2025-10-08 12:33:35.961323,452f73aba3204839bb5aaba218560121,5,les deux restants ne sont pas occupés
24d506b0b6e74981aca4f75c711068ce,5000,TK5000,2025,Septembre,Septembre,PAYÉ,10.787974533;-8.191137300,2025-10-01 12:23:16.845607,1c34c95cdd414cd0a8054dcfefdc035c,4,payé sans complication
25905420d62841b0b6065df7daba1e16,5000,TK5000,2025,Septembre,Septembre,PAYE_MAIRIE,10.787946116;-8.191620466,2025-10-01 12:15:19.347148,4e60b3400d4e4a588febb5d3b29ec2d2,4,4 porte
259b97d865da417690147f6c441fcd8d,1000,TK500,2025,Octobre,Octobre,PAYÉ,10.7942167;-8.1864767,2025-10-09 12:32:37.894303,ddd870b50f66469ab26372d7de26f5f8,5,
28cbff937e044970a0c2ebfdd0f16f5a,500,TK500,2025,Octobre,Octobre,PAYÉ,10.790629999;-8.184106666,2025-10-09 15:07:44.767542,f08a343ecd664662a096d7e7fccfc8f2,5,
28f9637469c1414a81d9c5fe42cd8104,500,TK500,2025,Octobre,Octobre,AUTRE,10.795481666;-8.185551666,2025-10-09 12:13:45.500191,04c38613fb394f1c8ab30c1db8d75593,5,nouvellement ouvert
29d76a0d75af433b9dd751c790963547,5000,TK5000,2025,Septembre,Septembre,PAYÉ,10.787170849;-8.192061599,2025-10-06 10:56:02.252749,4da8f1d14e884f39bc14f5beb1492498,4,payé sans complication
2b44f562ac424bb485c1409e204fef58,5000,TK5000,2025,Septembre,Septembre,PAYÉ,10.789639683;-8.197097666,2025-10-01 12:55:55.309215,46911ad1769949a68420f178a5c47616,4,payé sans complication
2cc8b73262df453482144deb17b7ffa4,500,TK500,2025,Octobre,Octobre,PAYÉ,10.795391666;-8.185438333,2025-10-09 12:11:18.212590,7fb0ce7a07564ad288eb8bfc3c3fffd9,5,
2d943a92df5a4f7cb0daec2adf19ba77,500,TK500,2025,Octobre,Octobre,PAYÉ,10.791935;-8.185698333,2025-10-08 14:40:54.277022,072cedefbeb147e0b058435a9d3026d8,5,
2ebe607743894b1d9db4f3a6a8523649,500,TK500,2025,Octobre,Octobre,PAYÉ,10.79223;-8.1848317,2025-10-08 15:43:38.707357,1f31202668a7494585e4ac0c4bddfd09,5,
307872f0df4b4c788b3c1dc67dacccc3,5000,TK5000,2025,Septembre,Septembre,PAYÉ,10.78727605;-8.192561016,2025-10-01 11:45:14.046625,a7a223c5920d44a08b3631bb899946d7,4,payé deux portes
30fdbad79c6748a48caf327e6d6e0b7e,500,TK500,2025,Octobre,Octobre,PAYÉ,10.792348333;-8.186873333,2025-10-08 13:33:50.884278,b1b3dd422d014243bb59753ae203c09a,5,
329a4eda8a59497984106c8261996204,500,TK500,2025,Octobre,Octobre,PAYÉ,10.789753333;-8.186458333,2025-10-09 16:58:57.436559,65505a28282341eeba0a578129f8db56,5,
3429574dd9d84cc0a899050b9d010284,500,TK500,2025,Octobre,Octobre,PAYÉ,10.792126666;-8.189781666,2025-10-08 11:33:13.244934,67236f5522b949b1b16154a39c4080ed,5,
358443db002d4848afff07c7a721dd25,500,TK500,2025,Octobre,Octobre,PAYÉ,10.7947162;-8.1862743,2025-10-09 12:39:02.229320,bbf18d81840142d2b7b25e661f6ea9df,5,
372ae1bc6221406a95f1091d60fafca2,1000,TK500,2025,Octobre,Octobre,PAYÉ,10.7896933;-8.18074,2025-10-09 16:39:46.530341,19e1968019a24a6bab7c5f3275c2f046,5,
37b222714f904ed4a1aeb3f9b4142b35,500,TK500,2025,Octobre,Octobre,PAYÉ,10.792058333;-8.189763333,2025-10-08 11:36:35.285043,26b8f2c2fee14f7cad6dac721387afb6,5,
3a217ff4e67b4bceb9775284982ad4cc,500,TK500,2025,Octobre,Octobre,PAYÉ,10.78868;-8.190838333,2025-10-11 10:11:11.233830,bdf4b92501814208a218b26e3e1f812a,5,
3a5e6e654f1f4703a4803caf2073a0dd,500,TK500,2025,Octobre,Octobre,AUTRE,10.7970967;-8.188485,2025-10-09 12:51:13.126243,b88f8aeab2a84ccfba90a250cebae709,5,nouvellement ouvert
3b4790028de943828ad120db32b3547b,500,TK500,2025,Octobre,Octobre,PAYÉ,10.790703333;-8.186123333,2025-10-09 14:49:29.015212,c46f76f1f14740cea4647ad36dcb2324,5,
3c6d79a34cf04abfbfebe733b8d3a953,500,TK500,2025,Octobre,Octobre,PAYÉ,10.7941229;-8.187813,2025-10-09 10:19:36.041260,cccb291e4f754f1eaa8414cf88126996,5,
3c8764fa4cd54d78a2ce64d7923e2a6e,500,TK500,2025,Octobre,Octobre,PAYÉ,10.791473333;-8.185706666,2025-10-08 14:56:34.103245,79fc989bd1f84895a818d1b3ee3829e9,5,
3c8cf96248a147ecb79e159b83c5be5d,5000,TK5000,2025,Septembre,Septembre,PAYÉ,10.787370416;-8.193021466,2025-10-01 11:10:14.183190,d37d146ac40042b9aca6f33afced00a5,4,payé sans problème
3ce11fe997c44ab0ade49db884bb683b,500,TK500,2025,Octobre,Octobre,PAYÉ,10.792711666;-8.183991666,2025-10-09 11:40:46.364359,9d025bff449542f590ed298d87429f29,5,
3de9f677c5184147949a65ecf17a8042,500,TK500,2025,Octobre,Octobre,PAYÉ,10.792673333;-8.189879999,2025-10-08 11:00:00.752520,28b6cc4536c54d16a47e417ed25d6a0b,5,
3dec0040d43544c6968e2182b44e68a4,1000,TK500,2025,Octobre,Octobre,PAYÉ,10.792411666;-8.186466666,2025-10-09 11:15:06.819071,6d1bcae080284d5cbb65888a40bc8092,5,
3e9a841e89754b019d5a6a1730460b88,500,TK500,2025,Octobre,Octobre,AUTRE,10.792371666;-8.186571666,2025-10-08 13:52:54.805799,b72d18e948fe4778b575e65cd35504f4,5,nouvellement ouvert
3f4787d0f62b4383b38fd6ae5ce036d9,500,TK500,2025,Octobre,Octobre,FERMÉ,10.793686666;-8.18457,2025-10-09 11:50:37.271322,4ded727a93cc4161aabd772a51285616,5,pas en activité
40f006c549bb4dbca206707cad455ed1,5000,TK5000,2025,Septembre,Septembre,PAYÉ,10.7872324;-8.1929339,2025-10-01 11:17:48.453299,7d735dcc294148378370fc8cd1bc909f,4,payé sans problème
416700c7bc8f44cc9254a0d1f0b17c96,500,TK500,2025,Octobre,Octobre,PAYÉ,10.789735;-8.183711666,2025-10-09 16:44:19.333738,953ddc5b1ee24eb8841a3d92cf9fbdd1,5,
417f83c5d48d43b99f775160fb342191,5000,TK5000,2025,Septembre,Septembre,PAYÉ,10.78711325;-8.1926087,2025-10-01 11:36:57.356832,657b90607771485fa3d8d897b57304b6,4,payé sans complication
41a8c45a5c2945c3a5b76f8e9782573a,500,TK500,2025,Octobre,Octobre,PAYÉ,10.7922869;-8.1855911,2025-10-09 10:31:33.042090,7141cb2804534314b9fb6e60eeb143e0,5,
430e51b6013440bc8a45b743c7985342,5000,TK5000,2025,Septembre,Septembre,PAYÉ,10.7970967;-8.188485,2025-10-11 00:47:21.093462,765193df8ab14e629d8fda2bf3a8479a,3,a verifier
434d2a7df2f74ffa94710f82e2e578d6,500,TK500,2025,Octobre,Octobre,PAYÉ,10.789936666;-8.173486666,2025-10-09 16:27:41.364866,d566b5f71ee449ffa6cc92cfe261557c,5,
44843b130949499dbaddcf62574abb6e,500,TK500,2025,Octobre,Octobre,PAYÉ,10.7877691;-8.1845663,2025-10-09 13:19:00.785623,29a5260dd2b0466a816b829462a91e89,5,
454a38944b86476fb0d358ff7ed91f61,500,TK500,2025,Octobre,Octobre,PAYÉ,10.7880826;-8.1859327,2025-10-08 15:47:31.757123,7f136ba8861e49b5bf3a0b0238fd44a5,5,
45da065190414527afde3e122ec1129a,500,TK500,2025,Octobre,Octobre,PAYÉ,10.795373333;-8.185426666,2025-10-09 12:10:37.023244,d2d18c44518b48e18bb95d1a81245480,5,
462357d1e0aa4f47aff3c41585a78fd7,500,TK500,2025,Octobre,Octobre,PAYÉ,10.792041666;-8.185746666,2025-10-08 14:38:19.687056,8a430a6eeb5045eabe6125fbf08f9442,5,
46950e8979ed42d19122f1ef832d38e3,500,TK500,2025,Octobre,Octobre,PAYÉ,10.7924752;-8.1886217,2025-10-08 12:13:21.738713,e9f761c74ef146c9b6e56e69277c7e82,5,
47747dc67d6d44ca89e768ec4fb952d1,500,TK500,2025,Octobre,Octobre,PAYÉ,10.792563333;-8.18653,2025-10-09 11:04:52.013019,417370ed2807496ba893de184af82e35,5,
487059661fee439993044605327dab5a,500,TK500,2025,Octobre,Octobre,PAYÉ,10.792316666;-8.18745,2025-10-08 13:08:35.822431,dc44615878464d5191c8b8cb950ab77b,5,
491e7c851ae3403a885e2f091b88f7dd,500,TK500,2025,Octobre,Octobre,PAYÉ,10.792248333;-8.185245,2025-10-08 15:19:49.712279,e370f189b80e4b5286ec04f431579e01,5,
4c5386ada60d4a56a51305854a96bdd2,500,TK500,2025,Octobre,Octobre,PAYÉ,10.792261666;-8.18735,2025-10-08 13:05:32.720157,1937f771e52147e49d70e1bd6c7e5613,5,
4d9288dd6ee24f399d786924e8a3dad5,500,TK500,2025,Octobre,Octobre,PAYÉ,10.792451666;-8.18716,2025-10-08 13:01:40.983018,a18bd0e70aff4bc48bf327dcd8e5f087,5,
4da5379c18d1414dad5e37b866d2a810,5000,TK5000,2025,Septembre,Septembre,PAYÉ,10.787521866;-8.192236666,2025-10-06 11:06:19.964191,e99c2db41fb041299731b7ccfb6453b6,4,payé sans complication
4fffaaeccc054bedb25f90690cdcdd54,500,TK500,2025,Octobre,Octobre,PAYÉ,10.791618333;-8.185723333,2025-10-08 14:50:56.282955,73d8f5383b2f42eba7552fa1e4cc4cfd,5,
50b77ae65eb44b90acaa7104652dec7c,500,TK500,2025,Octobre,Octobre,PAYÉ,10.7925767;-8.1900883,2025-10-08 10:36:08.427259,f6b3e9ef2dcd47c080b45b61dd48b924,5,
5333646f153b41b3af062630b4927292,1000,TK500,2025,Octobre,Octobre,PAYÉ,10.792606666;-8.189261666,2025-10-08 11:48:22.630614,55c293da174a4b2f97ef7d92d291bb6d,5,
55d4b797cee444db98955448448db4c0,500,TK500,2025,Octobre,Octobre,PAYÉ,10.791816666;-8.186461666,2025-10-08 14:00:54.233714,097d8e3f36754daf9e9e1f4a0c4b173f,5,
560bf0ee76e643eda813f76c75862d29,5000,TK5000,2025,Septembre,Septembre,PAYÉ,10.7970967;-8.188485,2025-10-11 00:46:22.100351,f97edf19e9af46d291d7c7903aa7c378,3,a verifier
568f12b8e1de47bca7ed5401c3ed23c8,5000,TK5000,2025,Septembre,Septembre,PAYÉ,10.787353416;-8.192455683,2025-10-01 11:58:15.791338,9b4a04f7e99a4421969f4043267e20e9,4,payé sans complication
57f81ef91656438ea8819a8adbe50ca2,500,TK500,2025,Octobre,Octobre,PAYÉ,10.791548333;-8.185811666,2025-10-08 14:53:36.794011,8270c96bf2e24455bcd88ceb1736a8d9,5,
57fb1fd7068d470aa59bddc2af9d3eb2,500,TK500,2025,Octobre,Octobre,PAYÉ,10.79236;-8.186868333,2025-10-08 13:35:46.085385,cf1e4fa7267b46ef978dc1e145ab0f3b,5,
58f0bcf900eb417796d7f0d86f912eeb,500,TK500,2025,Octobre,Octobre,PAYÉ,10.788836666;-8.190533333,2025-10-11 10:17:44.318310,103c96db755642109356bd9ae6c68dab,5,
5b3336e4479f4e13b7f07d52785ca159,500,TK500,2025,Octobre,Octobre,PAYÉ,10.792403333;-8.186471666,2025-10-09 11:18:12.674136,99236d97edba47f592c3ef141a149d69,5,
5b888d71d97242f8a14f29b0debd3814,5000,TK5000,2025,Septembre,Septembre,PAYÉ,10.7872752;-8.192157616,2025-10-06 11:03:22.676358,8852d4a480814d3b92c35a14a05c3025,4,payé sans complication
5c872e0b787842a9af4c7caacc12c1f1,500,TK500,2025,Octobre,Octobre,PAYÉ,10.789036666;-8.190541666,2025-10-11 10:23:37.810096,6a3e06fa5ca64da59572be89e6410f57,5,
5d8f8dd67b844d3ab933c416e4aa1a08,500,TK500,2025,Octobre,Octobre,PAYE_MAIRIE,10.793524999;-8.186446666,2025-10-09 10:32:53.703292,8ceef6257dfb4af1a4de4e95950e80a6,5,
5e448a8cc6c74e0793dd52cf5981933e,500,TK500,2025,Octobre,Octobre,PAYÉ,10.792236666;-8.18529,2025-10-08 15:09:45.121640,0a70dd2ec0e84a39a983b930c2363f2f,5,
5ef22c0bf14e46d09b05498ef072a548,500,TK500,2025,Octobre,Octobre,PAYÉ,10.792136666;-8.18491,2025-10-08 15:38:09.011686,4f5ec31e071645d7a9d71ac78f8d7ad4,5,
5f993bc8193442aab59b38b5a854546e,5000,TK5000,2025,Septembre,Septembre,PAYE_MAIRIE,10.787057599;-8.1927413,2025-10-01 11:28:01.226190,2c1c6e5af5d9466cbf2f7adaeb65dd2d,4,déjà payé pour l'année
5fa2bf8790484581be8363bf607e578e,500,TK500,2025,Octobre,Octobre,PAYÉ,10.792351666;-8.187453333,2025-10-08 12:46:41.914889,07cd56d9c18c4ce19fe6334ee95ee590,5,
5ff28dad5262455b9eeae54a0d8eb72c,5000,TK5000,2025,Septembre,Septembre,PAYÉ,10.7970967;-8.188485,2025-10-11 00:45:48.324176,f432b9a9800c4900b7c8a4d47c5ffee0,3,a verifier
60703d02b66c407490b4075974e42a5d,500,TK500,2025,Octobre,Octobre,PAYÉ,10.7877691;-8.1845663,2025-10-09 13:28:51.242420,807ce0b84cd34bb88770def61d046c37,5,
61f4be6e69454b73b69e74a97f94154c,5000,TK5000,2025,Septembre,Septembre,PAYÉ,10.786665000;-8.19223,2025-10-06 19:45:28.452735,ea84faa9a98c4d119981d07cdfe556a8,5,
64303473aada4945834d5e3e677f1780,5000,TK5000,2025,Septembre,Septembre,PAYÉ,10.787645633;-8.192176433,2025-10-01 12:04:50.077810,1fb7c7fa589c4b2a8c89ee3d52bc6b79,4,payé sans complication
64bdfe70b99f40308dd6bba3a3891514,500,TK500,2025,Octobre,Octobre,PAYÉ,10.790135000;-8.190083333,2025-10-09 17:12:41.914412,6b1a18dae2964533a9210605808cfe20,5,
650602b216b44f1aacba5def96255364,500,TK500,2025,Octobre,Octobre,PAYÉ,10.790625;-8.1808067,2025-10-09 16:10:31.415273,cbb12a33a2604bb1abe4126555cf9210,5,
65e91ea5ac06456ab83f0e503d45754e,500,TK500,2025,Octobre,Octobre,PAYÉ,10.790463333;-8.181796666,2025-10-09 15:36:32.945337,f1c82b0dd4f043548bd6f3c5cdcdd55c,5,
691abea1dff24e80a0fca135750b90a5,500,TK500,2025,Octobre,Octobre,PAYÉ,10.792211666;-8.185283333,2025-10-08 15:06:00.099169,44e3fd2aa4a1498a923f0d7c2d6c966c,5,
6a9182ca5aa942f4a035192787158e1b,500,TK500,2025,Octobre,Octobre,PAYÉ,10.792184999;-8.185728333,2025-10-08 14:34:55.785631,ebf6c3382e064013b97ca85a4c09de43,5,
6aac300266ae414bbdbefcd4c95dad83,500,TK500,2025,Octobre,Octobre,PAYÉ,10.792223333;-8.184496666,2025-10-08 15:57:21.728434,80c5a6a2f23745cdaddbbc4f8a339ddd,5,demande que les routes soient réparées
6ad91f0d7efb4ba3b11454d0e761ce3b,500,TK500,2025,Octobre,Octobre,AUTRE,10.7936667;-8.18647,2025-10-09 10:41:24.322917,a83a74ee95f44719b54e1736fa6bfa21,5,payé pour l'année
6b230cb8483a42f187811bfb3eb3dba0,1000,TK500,2025,Octobre,Octobre,PAYÉ,10.792310000;-8.185151666,2025-10-08 15:15:56.628911,a2a47efdb8584b2aaea5847835782089,5,
6c468984ba984b858f8862e0c1b6fdd1,500,TK500,2025,Octobre,Octobre,PAYÉ,10.793985000;-8.182856666,2025-10-09 11:33:41.194993,9bc59e9aaf0b4cb8a8c1071cd7ac447e,5,
6c97ed65224e4a98bc0561fd66212b6c,500,TK500,2025,Octobre,Octobre,PAYÉ,10.792203333;-8.18507,2025-10-08 15:28:54.885755,82f9848ddaaf4ae4b2e924f37e4b31a4,5,
6cb93fa31aad4ef0b4b43c87be7910ea,500,TK500,2025,Octobre,Octobre,PAYÉ,10.792516666;-8.18987,2025-10-08 11:00:57.547230,10b3511e42c84b8fb6c16c40a04f5d64,5,
706881374b8f4b5da10aabd481376900,500,TK500,2025,Octobre,Octobre,PAYÉ,10.791643333;-8.18582,2025-10-08 14:48:18.771083,35b876a58529460f83c28d6e412ecd0b,5,
708482d68b5e407eb48fdf6e89c3e22a,500,TK500,2025,Octobre,Octobre,PAYÉ,10.792703333;-8.18649,2025-10-09 11:00:39.970342,1db30dfa070741d9913299835524826c,5,
70badbc6087b4a188eeec6372030dad2,500,TK500,2025,Octobre,Octobre,PAYÉ,10.794995;-8.18553,2025-10-09 12:05:27.020830,1e93e8a2b8294af297b193097856c312,5,
716d387da4aa41bea05ff997fd7d6ee0,5000,TK5000,2025,Septembre,Septembre,PAYÉ,10.789851733;-8.197179916,2025-10-01 12:59:08.360801,a075f2eb9fc744a8964f99cf8f6c8ea8,4,payé sans complication
7173fb80fd1b4d9983df2e07c317e451,500,TK500,2025,Octobre,Octobre,PAYÉ,10.789978333;-8.18385,2025-10-09 16:49:17.661730,45209bdb019545adaddf75cf8ca807f2,5,
73e9a5d6d6f846789bc73905d5102918,500,TK500,2025,Octobre,Octobre,PAYÉ,10.792688333;-8.186521666,2025-10-09 10:58:00.464890,718299ff643c49d78afa94d8cdc3c062,5,
755bdc236725454faaeb10b510ebb810,500,TK500,2025,Octobre,Octobre,PAYÉ,10.788915;-8.19058,2025-10-11 10:19:10.144933,e7e85f54bda446428b69691738095bb8,5,
75cf56c6a1dd4cf3bfc6f5dce25c269a,5000,TK5000,2025,Septembre,Septembre,PAYÉ,10.787189583;-8.192707816,2025-10-01 11:31:29.057666,873ea97fb8ae416c902f2f89110b59e3,4,sans sans complication
7637b077453743af8ed34ba4feb2396b,500,TK500,2025,Octobre,Octobre,PAYÉ,10.792405;-8.187821666,2025-10-08 12:40:26.870281,f6d0eceaa7fb4ac99c125cda6e3bf7ad,5,
76730de540e04af68585598242ea53de,500,TK500,2025,Octobre,Octobre,PAYÉ,10.789991666;-8.18857,2025-10-09 17:06:17.792623,327f17da10d647a2a27895a9dd9fcf4d,5,
775bb4e60a9049cd9bbf56ec6d9aecf9,500,TK500,2025,Octobre,Octobre,PAYÉ,10.792026666;-8.189721666,2025-10-08 11:37:53.688793,3ee97902b9044d7584f6fa186a5a1d8c,5,
7a885f59ea2e48ef97455ab8ac870a8a,500,TK500,2025,Octobre,Octobre,PAYÉ,10.7909417;-8.189175,2025-10-09 14:05:55.687330,6b30cc3421724c6fa8bdc9d92a331828,5,
7a9b542598fe45fa8fd5132ea1166fe1,5000,TK5000,2025,Septembre,Septembre,PAYÉ,10.787148616;-8.192305466,2025-10-06 10:58:21.520994,7879966f56934e3aa57d28b8e4bfdff4,4,payé sans complication
7b3e870e4a58458bbe486286cc86d8c6,1000,TK500,2025,Octobre,Octobre,PAYÉ,10.7916633;-8.18443,2025-10-09 13:31:15.623677,6147e89d3d5f432b823ccd5909687aac,5,
7d8193ea29cd49d9a617cdecdb0cefbd,5000,TK5000,2025,Septembre,Septembre,PAYE_MAIRIE,10.787835933;-8.192150516,2025-10-06 11:34:14.484204,f67c50c278a7418182830d5bf81aa142,4,
7d8e09967f224f50853794f030d662af,500,TK500,2025,Octobre,Octobre,PAYÉ,10.7923734;-8.1872965,2025-10-08 12:57:04.225684,bb2bc08b5f6e4d05a7a5458673e060fd,5,il refuse de payer pour 2 porte
7dfd7a6879854048b318fbe19294d080,500,TK500,2025,Octobre,Octobre,PAYÉ,10.7922677;-8.1861508,2025-10-08 14:25:47.714644,37fb03daa7f5478cb9a12ddd4d392645,5,
7ec4c62917df4dcab604dc1b3f9ef075,500,TK500,2025,Octobre,Octobre,PAYÉ,10.790653333;-8.181725,2025-10-09 15:43:37.799772,dadcde81784249c0b3e90c3f3a2390d4,5,
807741fdd55f4b1594b4228ace307310,500,TK500,2025,Octobre,Octobre,PAYÉ,10.791851666;-8.185653333,2025-10-09 13:40:17.441554,6ef506e5884a4a80820ff3a605c41f46,5,
807e5c02b05f4fcb95d6dac29cd2b9de,500,TK500,2025,Octobre,Octobre,PAYÉ,10.7899417;-8.1734933,2025-10-09 16:27:34.850972,1cfc34f2d9a74b579271a563b618dd35,5,
8097498cbf104b2db6328cea78f3de81,500,TK500,2025,Octobre,Octobre,PAYÉ,10.789811666;-8.184371666,2025-10-09 16:52:18.023822,b6fe387c49e5482398e9b37ff39bbde8,5,
8119e9ce4a1d41569617fb9f2c42f8e8,500,TK500,2025,Octobre,Octobre,PAYÉ,10.790745;-8.187006666,2025-10-09 14:31:14.113331,e991eb80d13643468d4dcd30244862c4,5,
831f9a6bea1a44f7abf325f322799cd1,5000,TK5000,2025,Septembre,Septembre,PAYÉ,10.789396250;-8.190722200,2025-10-06 16:46:36.057134,cc868bbe51624fa796f8de88a1190b9a,4,
8443e7640ac847e7a2d6d2769a6b29ed,500,TK500,2025,Octobre,Octobre,PAYÉ,10.792190000;-8.190093333,2025-10-08 10:48:26.719205,70f444a3f44540abaac786830ad176a8,5,
8450439178204813a2f20084316032db,5000,TK5000,2025,Septembre,Septembre,PAYÉ,10.78715;-8.192635,2025-10-03 17:06:56.090342,cbb385d93e2d464a81b26639236f2ed9,5,pas de problème
84ff1297b8bb467d8d45a018edefaf2e,1000,TK500,2025,Octobre,Octobre,PAYÉ,10.790453333;-8.180046666,2025-10-09 16:19:24.365439,8265bc8f9f3f4ef5bdc85a1ae6d4854c,5,
856a2ef6a10f45cb816cc2142d04d637,5000,TK5000,2025,Septembre,Septembre,PAYÉ,10.788015383;-8.1919376,2025-10-06 11:11:20.714388,ab4967c7bd0b42b3898cca781d6aaafe,4,
8698f5e0a2974680b3df1e08f206d195,500,TK500,2025,Octobre,Octobre,PAYÉ,10.79221;-8.184963333,2025-10-08 15:33:54.713488,b5c7b1d7c70745bf94d594cf34bd04c5,5,
8733439deef34c069f595cff9bd04a2f,500,TK500,2025,Octobre,Octobre,PAYÉ,10.790228333;-8.181123333,2025-10-09 16:07:28.056365,dc853fd6c6404fcebec304a4dddb8159,5,
87697fb5db4248bca3e15f98d8a52d48,5000,TK5000,2025,Septembre,Septembre,PAYE_MAIRIE,10.788037433;-8.191409,2025-10-01 12:17:27.826285,da2a77f3795345d3b0e448a1480444bb,4,déjà payé pour l'année
87ed1092d2ac4f0ba034933d72875a10,1000,TK500,2025,Octobre,Octobre,PAYÉ,10.79254;-8.190091666,2025-10-08 10:33:28.619227,062dc63b7d5f40cca47311d028c881a4,5,
88611bfad030442596963bcab0bbc5d1,500,TK500,2025,Octobre,Octobre,PAYÉ,10.7923969;-8.1886767,2025-10-08 12:11:21.937553,83f64c05626c4679a16b311225509973,5,
88e74772bcef488bbd12cc969ffeb8a0,500,TK500,2025,Octobre,Octobre,PAYÉ,10.789145;-8.190501666,2025-10-11 10:24:12.097548,1780cd3537124989a83adc1a452ab443,5,
89709d308b154e8da2f661c11f78171d,500,TK500,2025,Octobre,Octobre,PAYÉ,10.7922433;-8.184935,2025-10-08 15:36:04.893187,ba448dc5f25e405bb9b85711df82df7b,5,
9219854034154a4abdfdc0b98d11b538,500,TK500,2025,Octobre,Octobre,PAYÉ,10.789850000;-8.186746666,2025-10-09 17:03:02.845213,16a9d25475ad4c50b8c30687ed218601,5,
93a2da2f6e09417a8eda28b8598ec46a,500,TK500,2025,Octobre,Octobre,PAYÉ,10.792311666;-8.186649999,2025-10-08 13:40:57.487925,74a3f576777b47b299e43bc20e29def7,5,
93c4532e5b6e4b9cbb603bafe116412f,500,TK500,2025,Octobre,Octobre,PAYÉ,10.792506666;-8.189034999,2025-10-08 11:55:12.985851,36a46a49e0d945e3ba88f878b6047844,5,
94ea8533ba8b4dba8bf9eba5bdd8ac32,500,TK500,2025,Octobre,Octobre,PAYÉ,10.790576666;-8.181616666,2025-10-09 15:45:34.270287,6ebeed80bbd74213a1c7b51fa51bbe15,5,
9a112e36b6a6408a8a910f8ea7bde846,500,TK500,2025,Octobre,Octobre,PAYÉ,10.7928957;-8.1890073,2025-10-08 12:02:17.149589,cc64a6dcf32a4f47af40c1038549b030,5,
9b61c3ca329e47388190bc003486d417,5000,TK5000,2025,Septembre,Septembre,PAYÉ,10.789031450;-8.192300633,2025-10-01 12:35:12.616187,79b556d5267d46eb906327b224e240c7,4,payé sans complication
9c2f63f45dea467a998d340dcd5988a9,500,TK500,2025,Octobre,Octobre,PAYÉ,10.79363;-8.185553333,2025-10-09 11:27:24.748014,bf841005a03340e79f190172ee7b277f,5,deuxième porte inutilisé
9c3a92ccc1d140ca942a801ca3a37864,500,TK500,2025,Octobre,Octobre,AUTRE,10.790735;-8.185851666,2025-10-09 14:54:45.355039,5ab51a72145044d0929a852bcba1190a,5,Boutique nouvellement ouvert
9fc56897a7c14e0d98fec7563b1dae92,1000,TK500,2025,Octobre,Octobre,PAYÉ,10.7925694;-8.1901112,2025-10-08 10:44:43.875743,fdce6f5b71b341ddabca88016de3bdd0,5,payé pour 2 mois
a128ebe53db74e4daf08f19adb63eadf,500,TK500,2025,Octobre,Octobre,PAYÉ,10.792256666;-8.184653333,2025-10-08 15:48:05.231868,f45b761282b7459daea8a9175d1ef255,5,
a5a4349adc7e4b3c8b0368726967929b,500,TK500,2025,Octobre,Octobre,PAYÉ,10.790555;-8.186528333,2025-10-09 14:35:51.735929,fd7fff9f0e9049b6b12e10e9ff1d007e,5,
a5f7175c8a5a4a8a8c80e140c0460739,500,TK500,2025,Octobre,Octobre,REFUS,10.79238;-8.186663333,2025-10-08 13:49:58.315266,64391c817c434e8ba8c0990730ec7748,5,
a80152bc4444404faca210fbdeb1b7c2,5000,TK5000,2025,Septembre,Septembre,PAYÉ,10.787939999;-8.190925,2025-10-06 11:16:25.996892,9edf57c27f0549e486611ecabdf92ee1,5,
a810a703bde047baa500d16c216c0853,500,TK500,2025,Octobre,Octobre,PAYÉ,10.7907583;-8.1887267,2025-10-09 14:13:03.417223,a0c5cd553e664ca697109272eb34897d,5,
a88307cd21484f7b89f9f2dcbc19c7aa,500,TK500,2025,Octobre,Octobre,PAYÉ,10.791805;-8.185696666,2025-10-09 13:38:17.569169,2f053b507d04442cb10de3e8a9326c5c,5,
ab61097fb0074ca29cbe8d6c51555818,500,TK500,2025,Octobre,Octobre,PAYÉ,10.790625;-8.183286666,2025-10-09 15:20:36.104460,bf93000619584329ae83004d4e66f71b,5,
af296a3505c54b3e8d91cd1f5cb9102c,500,TK500,2025,Octobre,Octobre,PAYÉ,10.792155;-8.190076666,2025-10-08 16:34:41.518960,6fa4895f5ac94e19a6661a6cbcbf908f,5,
afdaa08b16a549229e746133f635de20,500,TK500,2025,Octobre,Octobre,PAYÉ,10.790686666;-8.181866666,2025-10-09 15:41:37.678787,3a7b8d0cd9fb43dda72c5f722bf4086c,5,
b082b509a06a42a69b06d15f2efa7340,1000,TK500,2025,Octobre,Octobre,PAYÉ,10.7934935;-8.1878565,2025-10-09 10:17:31.566840,fd519f6e83814a048d902e25f66fb466,5,
b11d546354664b7aa731ca9a7584eadc,1000,TK500,2025,Octobre,Octobre,PAYÉ,10.792507;-8.1894776,2025-10-08 11:46:19.637907,aabca9da2171497b804ebd2f4532a236,5,
b194557a4105446895d57d7a44439ea1,500,TK500,2025,Octobre,Octobre,PAYÉ,10.7886;-8.190716666,2025-10-11 10:09:08.870904,2d16f9cfa0e44a69a676cf4de2dfe0b1,5,
b1e17401f9774f3cb26cd51fa2319359,500,TK500,2025,Octobre,Octobre,PAYÉ,10.790498333;-8.184525,2025-10-09 15:04:19.431460,276d99cab00f4d09b5d2bdba8d0588e2,5,
b20b8334b070401a87c36a3294d6654c,500,TK500,2025,Octobre,Octobre,PAYÉ,10.793143333;-8.188443333,2025-10-09 10:11:11.197441,77e79202360743f2a8c7a3159dbde072,5,
b253191eceb445f897d8ea208f9948dd,500,TK500,2025,Octobre,Octobre,PAYÉ,10.795133333;-8.18778,2025-10-09 12:47:44.443592,adfa074fcaf84f9ca7305ddff2286a2f,5,
b2b0142fed864432977f755af1334df1,500,TK500,2025,Octobre,Octobre,PAYÉ,10.7922546;-8.1875167,2025-10-08 16:28:19.970090,a127c1ede00a4ee1b6e929c923bb7ebf,5,
b33437cf461d45fb82db77ef4c73566e,1000,TK500,2025,Octobre,Octobre,PAYÉ,10.789028333;-8.190626666,2025-10-11 10:20:04.169246,8c1839a411d74feeb6d6c3dd0670bb1c,5,
b33fb24970fe4a79a06d3feaa83c5890,500,TK500,2025,Octobre,Octobre,PAYÉ,10.789913333;-8.183861666,2025-10-09 16:46:11.422256,2e774e10f8384acea8787b73d9fbc0a9,5,
b3783d58d63b46a2b05f157c28849ca5,500,TK500,2025,Octobre,Octobre,PAYÉ,10.792233333;-8.185406666,2025-10-08 15:00:56.730567,93fa0fbe58124e718b2e572e2d9fa016,5,
b4238bc75fc0437e86f80527ece9cabc,1000,TK500,2025,Octobre,Octobre,PAYÉ,10.7936311;-8.1876408,2025-10-08 11:24:38.369044,9637ffa6e18c4e74aaa73e6c695fd3cd,5,
b42ab3b690d34da7ae26f65dc8524d66,500,TK500,2025,Octobre,Octobre,PAYÉ,10.790715;-8.186173333,2025-10-09 14:45:50.111155,8afad22132aa4d03921bbad11c5774cd,5,
b75a577f39994692a483c7c5d2d251b5,500,TK500,2025,Octobre,Octobre,PAYÉ,10.792265000;-8.186268333,2025-10-08 14:16:59.948502,66bc8ba7c4fc43819c33c98afaa1999f,5,
b7bf01d5eb06482385b66a2fb0097723,500,TK500,2025,Octobre,Octobre,PAYÉ,10.791605;-8.184488333,2025-10-09 13:35:09.850788,a0dcbda792c44f5c9b10d9666564bac5,5,
b91aa0de0fea4cee92a7d605f0ed5608,500,TK500,2025,Octobre,Octobre,PAYÉ,10.792274999;-8.184765,2025-10-08 15:44:22.566901,35fcb4bca8a549009f3b89498d32ad43,5,
b91da477b303472aafbd8c78f10921a4,1000,TK500,2025,Octobre,Octobre,PAYÉ,10.792250000;-8.190108333,2025-10-08 10:48:26.726713,073a9c9690824c4ea4120b480c29f5d6,5,
b973c7397bd147689362871d63d50121,500,TK500,2025,Octobre,Octobre,PAYÉ,10.792588333;-8.190321666,2025-10-08 10:46:24.155701,fa11ce15f65e40e78fdee8df90606526,5,
badbbb68ff634784be26b32d5ddccf15,500,TK500,2025,Octobre,Octobre,PAYÉ,10.792348333;-8.188376666,2025-10-08 12:21:05.253684,999e0e29eb1047348b65d318ea348e5a,5,
bb330b920f1a4d8ba5e9bfeead0bd55d,5000,TK5000,2025,Septembre,Septembre,PAYÉ,10.7872915;-8.1928888,2025-10-01 11:14:31.821882,7e9a6c3b8d864cb387ee88db84899a3e,4,payé sans problème
be8a2e2c10554e5fbdc11644df8c7553,500,TK500,2025,Octobre,Octobre,PAYÉ,10.791816666;-8.184341666,2025-10-09 13:32:29.210145,cb5b23b5ee5b4b28990a619b0000b470,5,
bf4d2d080b2e4cc388c6a34af6c0520f,500,TK500,2025,Octobre,Octobre,PAYÉ,10.79247;-8.186931666,2025-10-08 13:28:15.442638,0fae329656ce4b4281a2d627f170423b,5,
bf6a9b9d10e247d2adf8ae77a17226e3,500,TK500,2025,Octobre,Octobre,PAYÉ,10.790248333;-8.190395,2025-10-11 10:45:30.771048,204c2995f8964a03b60c434c67ff5efd,5,
c034ae4a697543c6bcaa2f09df6f65db,500,TK500,2025,Octobre,Octobre,PAYÉ,10.789878333;-8.183765,2025-10-09 16:47:36.173769,bcec8a1810824ae69e01fc18625dfeee,5,
c15b684d330742c18e8e7df4d2196d8d,500,TK500,2025,Octobre,Octobre,PAYÉ,10.7904371;-8.184978,2025-10-09 15:01:39.118390,327e992d7e534284b616d1559f763cdd,5,
c18111abc92b42579211996ad1a156a8,5000,TK5000,2025,Septembre,Septembre,PAYÉ,10.789508450;-8.1970148,2025-10-07 10:02:53.401380,74e69f69bacb45e1b5384d2481cea8c5,4,
c1cba47b5e8f4e78954fa0d1107949fd,500,TK500,2025,Octobre,Octobre,PAYÉ,10.792175000;-8.185125,2025-10-08 15:18:09.883858,12a307d6f9454f57aac8ce360d101143,5,
c505d1f8e93a416796fb3033a7e09f8f,1000,TK500,2025,Octobre,Octobre,PAYÉ,10.790421666;-8.179943333,2025-10-09 16:16:47.250937,d82c01a4b51f4a199a61cf0aaf35043b,5,
c581dccd85214ba1907ba6511809a802,500,TK500,2025,Octobre,Octobre,PAYÉ,10.791473333;-8.186616666,2025-10-09 13:47:45.355177,bf40fe5b4ca8498bb29c00fec7ade015,5,
ca1e9478fd08474d831f0c14bad03589,500,TK500,2025,Octobre,Octobre,PAYÉ,10.793073333;-8.188505,2025-10-09 10:03:39.712121,c780eed20bfc4beb891e2405de1e6f82,5,
cac391fbbe8e44bfac8365da6ec7c9fb,500,TK500,2025,Octobre,Octobre,PAYÉ,10.795561666;-8.185503333,2025-10-09 12:17:18.590012,fed5adbb45f445f39a2f5fe0e9934354,5,Deuxième nouvellement ouvert
d0587f0d19754263b484cb5947d5ee81,500,TK500,2025,Octobre,Octobre,PAYÉ,10.792051666;-8.185833333,2025-10-08 14:38:19.626708,2a19378554d14451ab091a58aa80019e,5,
d1846d26ec49416d906c3ab4d85db6ae,5000,TK5000,2025,Septembre,Septembre,PAYÉ,10.7970967;-8.188485,2025-10-11 00:46:58.957399,fe06126358794a0faf54404ced2bccdb,3,a verifier
d2e84f4d1f274597af20bc5732d8e066,500,TK500,2025,Octobre,Octobre,PAYÉ,10.792245;-8.185248333,2025-10-08 15:12:04.877713,e85f41261247487c842c8b404b6d40fc,5,
d32ffe5f0c3344be947d9479988a5c1e,500,TK500,2025,Octobre,Octobre,PAYÉ,10.7907167;-8.1839933,2025-10-09 15:10:48.069715,80f0b54e67774424a21baf4fcb8ff300,5,
d3919a7b4dc44ae5a2a1b88bd1e5845f,5000,TK5000,2025,Septembre,Septembre,PAYÉ,10.7869072;-8.1933151,2025-10-01 10:54:24.626482,086a1ee87be24de89c1b868ffcac04bb,4,payé sans problème
d3d2196b84d147c8804497174b7f9836,500,TK500,2025,Octobre,Octobre,PAYÉ,10.790606666;-8.184131666,2025-10-09 15:09:09.032599,5f76da88a18547b38693b35ee32e64e9,5,
d5b279084d7c4464a73a7d435774b27e,500,TK500,2025,Octobre,Octobre,PAYÉ,10.792319999;-8.18749,2025-10-08 12:44:15.352194,5fd28bb60c9049cd98489b8bbb81d274,5,
d63c28c8582b4d26929043fc668a9909,500,TK500,2025,Octobre,Octobre,PAYÉ,10.7920384;-8.188424,2025-10-08 12:25:24.950401,f2c3c274588b46ccbab41dbd74580701,5,
d66c16b4e42f4159b6a8207b5a8ed01a,500,TK500,2025,Octobre,Octobre,PAYÉ,10.790704999;-8.185718333,2025-10-09 14:57:49.732538,cd950788948e438e9613ff03f914c4e8,5,
dae9d1ec87af455aaa09ae5192b64db2,500,TK500,2025,Octobre,Octobre,PAYÉ,10.7885883;-8.19067,2025-10-11 10:13:52.952394,4a70e6bbd303498d94ab3c54aa21fad4,5,
dd42505827b840a393034da0f2b40011,5000,TK5000,2025,Septembre,Septembre,PAYÉ,10.789795;-8.197278333,2025-10-05 16:08:39.304152,e5b381938bd74140adb333edd73b32af,5,payé pour un lavage
ddd5e3d6da5f4d2cbe9ece6f1792d065,500,TK500,2025,Octobre,Octobre,PAYÉ,10.793208333;-8.186671666,2025-10-09 10:27:50.293053,5dd6708c624a40948b0b4618a0ef8e93,5,
deb8cc44fdd5437780dec61eeacc3b29,500,TK500,2025,Octobre,Octobre,PAYÉ,10.7963433;-8.1855733,2025-10-09 12:23:03.203231,82dd4c046c414681927cd78bfa18cdb5,5,
dfe03b7dfba143b69d44a86613fe5850,500,TK500,2025,Octobre,Octobre,PAYÉ,10.792845;-8.1865,2025-10-09 10:53:43.206369,cd427acf67344b16a376aa55747ac3a8,5,
e0b30d0579b5474880ed80d8e86cc009,500,TK500,2025,Octobre,Octobre,PAYÉ,10.792268333;-8.186323333,2025-10-08 14:19:54.590829,59ad0d17f78844fd8654d53dc733912d,5,
e0d6dd68aeaa4a7b835b23bd24242edb,1000,TK500,2025,Octobre,Octobre,PAYÉ,10.7922177;-8.1869632,2025-10-08 13:14:50.395036,9eecf6416ee34a59a2c985c77beb6ec8,5,
e1ada6ba2bb942e3ba9018105b831167,500,TK500,2025,Octobre,Octobre,PAYÉ,10.794541666;-8.185315000,2025-10-09 11:55:06.675096,416743756d3948f7aca87bd5d5623ae0,5,
e346839bd3364277a77fd9fb639ed4c2,500,TK500,2025,Octobre,Octobre,PAYÉ,10.7920672;-8.1897792,2025-10-08 11:34:57.994520,1b0df09b1f2d46b18cc0d632edc120a1,5,
e4ca093bb1c44ae8b5c60aa58c1c2f3f,500,TK500,2025,Octobre,Octobre,PAYÉ,10.7895017;-8.1903617,2025-10-11 10:28:30.102696,2419571688df4ac6a999d4a8c9d55217,5,
e4ccd493b5c34597aa7ed5dce9d15664,500,TK500,2025,Octobre,Octobre,PAYÉ,10.792975000;-8.18639,2025-10-09 10:46:37.796064,5889ca9f79034d2896c745536c217478,5,
e62639a240a44740a063a617b0508828,20000,TK5000,2025,Septembre,Septembre,PAYÉ,10.786783333;-8.192208333,2025-10-06 19:54:18.579033,c8e816c5ce7740ba91046038aaec742c,5,
e680604a4e6c4ddc86095dfdf07d3966,500,TK500,2025,Octobre,Octobre,PAYÉ,10.791148333;-8.188533333,2025-10-09 14:17:52.990025,282f6c126df64b36aad4b26ce650f297,5,
e6d7724112eb4ef5817d4aa4b82c2565,500,TK500,2025,Octobre,Octobre,PAYÉ,10.792598333;-8.189871666,2025-10-08 11:13:05.706698,743d634d39bc4b3db8094bad8769cc3c,5,
e7e0c9852c1a4825949009a53a58703b,500,TK500,2025,Octobre,Octobre,PAYÉ,10.792816666;-8.183875,2025-10-09 11:38:45.724943,b6809a517da446c6864c9247fbac7dda,5,
e8503312f013476eb02ee6e98bd26c2c,500,TK500,2025,Octobre,Octobre,PAYÉ,10.7925478;-8.1889113,2025-10-08 11:57:45.048002,d22d4019876a476795ae11251a5618c8,5,
e9b55ca2532e420faa39940c8926f993,500,TK500,2025,Octobre,Octobre,PAYÉ,10.793441666;-8.187833333,2025-10-09 10:15:09.270074,90b0dda5f35f474fb14ffbbe22c55137,5,
e9faa4700233455fb7e0904654caa972,500,TK500,2025,Octobre,Octobre,PAYÉ,10.793025;-8.183748333,2025-10-09 11:35:59.351068,e6dca4cd36764dbf848e5775d664d9be,5,
ea0ee09acdce4dfd9b7b8e97f8821fa8,500,TK500,2025,Octobre,Octobre,PAYÉ,10.792205000;-8.185235,2025-10-08 15:08:07.364868,37af9763223f4de0b9db690f99fdeec4,5,
eb457fa388884bbf8b19c4025d86e0ce,500,TK500,2025,Octobre,Octobre,PAYÉ,10.792183333;-8.189788333,2025-10-08 11:31:16.951011,ca299ce57e6e4c71bc29dd2dc5df86d6,5,
ec3fe184e3864b46b3d6925bfabd66d7,500,TK500,2025,Octobre,Octobre,PAYÉ,10.790479999;-8.183616666,2025-10-09 15:15:08.969776,43c85ca5e4d846fb9f5844ac9e003ceb,5,
ee43864a3f584e5fbeeb552a27ac91cd,5000,TK5000,2025,Septembre,Septembre,PAYE_MAIRIE,10.787164383;-8.192951783,2025-10-01 11:20:40.803666,830c2220433c461fb99ea22bfc792e2a,4,déjà payé pour l'année
ef2f225aafb744069b930e988d7cdcad,5000,TK5000,2025,Septembre,Septembre,PAYÉ,10.7870666;-8.1928762,2025-10-01 11:24:01.427367,433e2ff01fc14124b357f43b250565d0,4,sans sans problème
f09b66f42f4846c68ee496a94af52ad6,500,TK500,2025,Octobre,Octobre,PAYÉ,10.792349999;-8.186276666,2025-10-08 14:15:14.697968,144fa4ae45a8468a9c20879ff1b58ef8,5,
f21a797c02e542abb9cc42114204547d,500,TK500,2025,Octobre,Octobre,PAYÉ,10.794331666;-8.187778333,2025-10-09 12:44:46.233180,d2c4ea70b4a74aa9934faec621f31964,5,
f24184c731d745a6986fd282d397be60,500,TK500,2025,Octobre,Octobre,PAYÉ,10.792280000;-8.186181666,2025-10-08 14:23:33.304724,35d7520af97f441db74f2102eced52bc,5,
f25c6c8beb3d4c71a9aaf413e978e551,500,TK500,2025,Octobre,Octobre,PAYÉ,10.7923117;-8.1873367,2025-10-08 16:25:51.232511,54605c839f67436dba57409570090952,5,
f268722493914caabcd9b276ee76e50c,1000,TK500,2025,Octobre,Octobre,PAYÉ,10.792053333;-8.190165,2025-10-08 10:42:36.619674,d3b93c445f304a549ff712d83572e505,5,
f306a4e6532c4b439ca5e5e7785fe908,500,TK500,2025,Octobre,Octobre,PAYÉ,10.792623333;-8.190253333,2025-10-08 10:48:32.816255,b159ed9fbbb64d768ff58a05e61bcb68,5,
f3dbe3842c9f46d498708647eaaa16e2,500,TK500,2025,Octobre,Octobre,PAYÉ,10.79066;-8.183935,2025-10-09 15:12:09.721001,7ad546398bab4f7498d4eab259a84056,5,
f4f0f214be514263b0e9c81fa90cf905,1000,TK500,2025,Octobre,Octobre,PAYÉ,10.792368333;-8.187223333,2025-10-08 13:06:40.896156,772c22a5e2ff41078bc958cfeb0debe0,5,
f557cbfeb1844311b2c582677b3a4cc4,500,TK500,2025,Octobre,Octobre,PAYÉ,10.790628333;-8.186238333,2025-10-09 14:44:32.349479,05c8d4a1466f420a91a216ddb37e2bc3,5,
f9683ac3bb6b4892b14f4d9028193802,500,TK500,2025,Octobre,Octobre,AUTRE,10.7905533;-8.1818683,2025-10-09 15:40:00.164547,35082f17fe98403786614968faa508f1,5,nouvellement ouvert
fce70da07c034308aa91f9539121eee1,500,TK500,2025,Octobre,Octobre,PAYÉ,10.791211666;-8.186515000,2025-10-09 13:50:39.249176,3af13fb2ba334a589f10387ec45cff12,5,
